ID,Condition,start_transition,Source,Target,Weight,trans_duration,head_rotation_amplitude,trans_amplitude,trans_velocity
009,0,0.7363615,4B,1B,1,0.1300774,2.5323870757792903,1.4607577258159685,11.229911774189585
009,0,1.1776,1B,2A,1,0.7997620000000001,17.19269073639672,1.594820849903565,1.9941193128750363
009,0,2.088127,2A,5A,1,0.04503099999999982,1.9780066922104567,1.7294210845451141,38.40512279418891
009,0,2.466093,5A,2B,1,0.06679700000000022,0.22907329060201675,1.8901009171950924,28.296194697293085
009,0,3.165607,2B,5A,1,0.033126999999999907,0.033421108170529124,1.9631918704349365,59.2625915547723
009,0,3.665743,5A,7B,1,0.04436699999999982,0.4006047202874896,2.3164276765895213,52.21059969322989
009,0,3.732065,7B,2A,1,0.34489499999999973,3.4000359781094573,4.146572454478253,12.022709678244846
009,0,4.653805,2A,5A,1,0.06661399999999951,0.10553910213515394,1.7201452805755615,25.822579046080016
009,0,5.05407,5A,2B,1,0.022031000000000134,0.040614270885328096,1.866628626005765,84.72736716471125
009,0,5.397751,2B,2A,1,0.199789,0.654546650721926,0.515017551980845,2.577807346654946
009,0,5.730942,2A,4B,1,0.33359499999999986,2.71441440156849,2.5162630716487673,7.542868063516445
009,0,6.575668,4B,2A,1,0.8216019999999995,2.201091290765177,2.455378398971696,2.9885253431365766
009,0,7.564697,2A,1A,1,1.331837000000001,34.55168299218512,3.385047973256583,2.5416383335622754
009,0,9.029404,1A,1B,1,0.33333600000000096,4.595360953905143,0.8786715202573939,2.6359934728243917
009,0,9.49629,1B,2A,1,1.6880699999999997,30.606617640086824,1.658383668726884,0.9824140401327458
009,0,11.22884,2A,5A,1,0.1560699999999997,6.373642118963133,1.7519870802726856,11.22564926169468
009,0,11.49719,5A,2B,1,0.054120000000001056,0.15195417048516902,2.060208631245119,38.06741742877086
009,0,11.75077,2B,5A,1,0.03365000000000151,0.826547906369143,1.8468943578530448,54.885419252688315
009,0,12.05016,5A,7B,1,0.16694999999999993,0.5188510788883605,2.378572402985759,14.24721415385301
009,0,12.25042,7B,2A,1,0.36647999999999925,0.745742734553744,4.135009723027404,11.28304333941119
009,0,13.08452,2A,4B,1,0.1325200000000013,2.5025114808458397,2.481524990334107,18.725663977770015
009,0,13.68389,4B,1A,1,0.18812999999999924,3.3216521369073178,0.8840934578110448,4.699375207627961
009,0,14.40512,1A,5A,1,0.6670800000000003,20.50131835170975,1.952412937276029,2.9268047869461356
009,0,15.24931,5A,2B,1,0.06646000000000107,0.23470311825920476,1.907781908530021,28.705716348630606
009,0,15.38332,2B,2A,1,0.30020000000000024,0.7967257662625116,0.3117864698184319,1.0385958355044358
009,0,15.91583,2A,4B,1,0.09947999999999979,8.3900120025937,2.6019273251427237,26.155280711125144
009,0,16.04864,4B,PresentationBoard,1,1.8994300000000024,72.95366062272329,5.765445846137157,3.0353557889141216
009,0,19.61536,PresentationBoard,4A,1,0.7119800000000005,65.06565869911611,5.81905579823677,8.17306075765719
009,0,20.66033,4A,1B,1,0.26632999999999996,3.5254035736905607,1.9372507347620773,7.273873520677647
009,0,21.41342,1B,4A,1,0.06706000000000145,1.0837719111849395,1.9047820396604462,28.40414613272301
009,0,21.50212,4A,5B,1,1.9989499999999971,32.14543962716048,4.111006404678141,2.0565829083659657
009,0,23.63492,5B,2B,1,0.0661399999999972,0.3269803001889784,1.7592390306349082,26.598715310477512
009,0,23.99166,2B,2A,1,0.06567000000000078,1.8616586876473349,0.26712732510454346,4.067722325331815
009,0,24.52285,2A,4A,1,0.9893900000000002,16.587760906088867,3.2622361341712067,3.2972196344931786
009,0,25.84551,4A,7A,1,0.0666899999999977,1.213211572957448,1.5369509087518745,23.046197462167154
009,0,26.36678,7A,4A,1,0.355870000000003,2.4101674911448825,1.6059933485233868,4.512865227536385
009,0,26.74578,4A,1B,1,0.06612000000000151,1.8159999951513441,1.8846159942792065,28.502964220797995
009,0,27.12141,1B,PresentationBoard,1,0.29036999999999935,40.12879554585199,2.8440840128955474,9.794689578453537
009,0,33.31829,PresentationBoard,4A,1,0.2674000000000021,49.26763679329108,5.371822884661692,20.089090817732426
009,0,33.65247,4A,4B,1,0.19955999999999818,1.971686130806539,1.822263570055671,9.131406945558668
009,0,34.119,4B,2A,1,0.5329499999999996,10.225758853203097,2.4101068579251277,4.522200690355811
009,0,34.95187,2A,1B,1,0.06644000000000005,1.676419342404479,1.3444267067139064,20.235200281666245
009,0,35.45117,1B,2A,1,0.16669000000000267,0.20897247971495148,1.4699799968418246,8.818645370698908
009,0,36.05103,2A,4B,1,0.033660000000004686,0.09504360089739095,2.4738035383619796,73.49386626148649
009,0,36.41787,4B,4A,1,0.09973000000000098,0.8179330616353155,0.5899128645127936,5.915099413544447
009,0,36.88414,4A,1A,1,0.20012999999999437,1.8487580845154383,1.3210623899585097,6.601021285956862
009,0,37.21786,1A,1B,1,0.03311999999999671,1.0256257799321773,0.7505478252496702,22.66146815367587
009,0,37.41682,1B,4A,1,0.2665399999999991,5.114106223275087,1.9446889814469976,7.296049303845592
009,0,37.71688,4A,5A,1,0.3001699999999943,5.433672209613761,1.645917688347291,5.483285099601301
009,0,39.38333,5A,2B,1,0.03341999999999956,0.46283878827442493,2.0096437005869556,60.13296530780916
009,0,39.64976,2B,2A,1,0.20031000000000176,4.051790874940593,0.5230007168001971,2.6109566012689958
009,0,40.04958,2A,7A,1,0.13318000000000296,0.7606793417175481,4.4504721718873395,33.41697080558072
009,0,40.31609,7A,4A,1,0.6326299999999989,13.741943478265327,1.918989665367505,3.0333522997131155
009,0,40.98227,4A,4B,1,0.03421000000000163,0.3347332812589059,0.4995320953232232,14.601932046863473
009,0,41.14885,4B,1B,1,0.7677300000000002,8.887097224275038,1.2964171805262992,1.6886368652082095
009,0,41.97105,1B,PresentationBoard,1,0.632470000000005,55.83183723576519,4.08894650205781,6.465044195072934
009,0,50.3346,PresentationBoard,4A,1,0.28826999999999714,40.5753953096998,4.905029925507311,17.01540196866604
009,0,50.71321,4A,2A,1,0.17607000000000284,17.911435489101486,3.418956232718145,19.418164552269495
009,0,51.0561,2A,2B,1,0.06622999999999735,1.4561108879343863,0.41957467430221523,6.335115118560049
009,0,51.65573,2B,6A,1,0.19995000000000118,11.956388419510986,2.2922235456026905,11.46398372394437
009,0,52.02224,6A,3A,1,0.3661700000000039,5.583341597457789,1.7313277156292972,4.728207432693226
009,0,52.68883,3A,6A,1,0.03340999999999639,0.7024031821595571,1.6729993653131618,50.07480889893274
009,0,52.75528,6A,9A,1,0.1677000000000035,5.5638470267712705,1.7267005257700851,10.29636568735867
009,0,53.05537,9A,PresentationBoard,1,0.56494,96.59840166020669,8.176501680490631,14.473221369509384
009,0,57.86448,PresentationBoard,1B,1,0.22117000000000075,38.92139179992682,3.115257418154375,14.085352525904797
009,0,58.21994,1B,2A,1,0.1993799999999979,13.759577529251317,1.7611825595980561,8.833296015638854
009,0,58.80944,2A,4B,1,0.06675999999999505,0.8680425613490783,2.7001887893987897,40.446207150973486
009,0,62.34101,4B,2A,1,0.06530000000000058,0.01772281224467065,2.572837580399548,39.40026922510758
009,0,62.54139,2A,4B,1,0.032910000000001105,0.040604079482335464,2.5391385853847304,77.1540135334137
009,0,62.80628,4B,2B,1,0.09966999999999615,1.375367265534436,2.9595482590804583,29.693471045255066
009,0,63.43961,2B,9A,1,0.1997700000000009,8.8468853211957,3.537416044526934,17.707443782985024
009,0,64.33952,9A,8B,1,0.29901000000000977,0.37308912574940223,0.9029410521338201,3.019768743967729
009,0,64.73863,8B,5B,1,0.03386000000000422,0.8804432041183361,1.566036253220126,46.25033234553842
009,0,65.0383,5B,1B,1,0.36695999999999174,19.401290227742656,2.1621424582843627,5.892038528134978
009,0,65.8382,1B,1A,1,0.2333799999999968,7.227444185276319,0.8334112462831601,3.5710482744158516
009,0,66.13786,1A,1B,1,0.19995000000000118,6.993413985997428,0.8276336696962552,4.139203149268568
009,0,66.43791,1B,4A,1,0.19978999999999303,4.730521520774289,1.91616820173204,9.590911465699518
009,0,66.70488,4A,2B,1,0.39937999999999363,12.919102043629657,3.846049480630753,9.630050279510277
009,0,67.33882,2B,5B,1,0.06543000000000632,0.35014612104713194,1.6074584514274826,24.567605860115044
009,0,67.67105,5B,2A,1,0.1998000000000104,0.8665888897731833,1.5026986509132456,7.521014268834671
009,0,68.30403,2A,2B,1,0.033389999999997144,0.7698372811579901,0.4276323967429036,12.807199662861342
009,0,68.47047,2B,5A,1,0.033619999999999095,0.1030731514051837,2.027168352564187,60.29650067115531
009,0,68.53738,5A,6A,1,0.5659200000000055,9.97624460574906,1.833726540076347,3.2402575277006096
009,0,69.13696,6A,3A,1,0.033039999999999736,1.5221110387147405,1.7179640716676812,51.996491273235314
009,0,69.56996,3A,6A,1,0.03266000000000702,0.1996136388856229,1.7322311501561338,53.03830833299944
009,0,69.7363,6A,9A,1,0.03341000000000349,0.5787305951927664,1.8162305510416454,54.36188419758921
009,0,69.80267,9A,8B,1,0.5336199999999991,7.354990961606319,0.9309368886763539,1.7445689604519237
009,0,70.36949,8B,5B,1,0.2003300000000081,5.546520914612358,1.827832888044115,9.12410965928239
009,0,70.63609,5B,8A,1,0.03330000000001121,1.2882833866364223,1.785662144689764,53.62348782850339
009,0,70.7361,8A,2A,1,0.16641000000001327,6.555274368665906,3.20304132348327,19.247889691022262
009,0,71.24696,2A,1B,1,0.06690999999999292,3.7899853448591827,1.432527334754632,21.409764381329897
009,0,71.58018,1B,2B,1,0.13347000000000264,3.829659214954546,1.9645293960349917,14.718883614557225
009,0,72.01346,2B,1B,1,0.5726000000000084,6.277701976508716,2.0278445711020483,3.541467990048932
009,0,72.80168,1B,1A,1,0.0664199999999937,0.904350579306481,0.6886812017748778,10.368581779207213
009,0,74.73425,1A,4B,1,0.6994200000000035,22.368857103593733,2.106495614301335,3.0117749196496018
009,0,75.56755,4B,2B,1,0.09981000000000506,3.0254367824940402,2.9283328882790376,29.33907312172016
009,0,76.5007,2B,5A,1,0.03285000000001048,0.34742245557340823,1.8867398868879937,57.435004167043886
009,0,76.56689,5A,2B,1,0.033060000000006085,0.567978856688427,1.8549665121652996,56.109089902146344
009,0,76.76682,2B,8A,1,0.03292000000000428,0.4745824718411953,3.3653044910490153,102.22674638665181
009,0,76.86664,8A,2B,1,0.03347999999999729,0.6525341721508369,3.423358457025622,102.250849970905
009,0,77.29999,2B,5A,1,0.03421000000000163,0.1659850355041783,1.849283565147501,54.05681277835174
009,0,77.93344,5A,2A,1,0.06624999999999659,1.8158169350998392,1.5259142969780737,23.032668633632486
009,0,78.03293,2A,1B,1,0.23298000000001196,12.662312766543614,1.4615458584367718,6.273267484061708
009,0,78.93483,1B,4A,1,0.04352000000000089,0.23655238119038557,1.789683852367507,41.12325028417901
009,0,79.13225,4A,4B,1,0.06703000000000259,0.6420290030182656,0.44042008937054594,6.570492158295225
009,0,79.22112,4B,4A,1,0.31613000000000113,1.426629270007595,0.46112693013633504,1.4586623545260917
009,0,79.68788,4A,5A,1,0.40038999999998737,17.2293168537134,1.9368325759481146,4.837365008986677
009,0,80.98782,5A,9A,1,0.30007000000000517,20.69914798146837,2.8301440343809237,9.431612738297314
009,0,81.32002,9A,9B,1,0.16754000000000246,2.955496820757773,0.6375155611749801,3.805154358212789
009,0,81.52028,9B,9A,1,0.29997000000000185,12.247251514276229,0.40265399459770584,1.3423142134136858
009,0,81.85448,9A,2B,1,0.3997900000000101,1.5921094640978026,3.743585837534928,9.363880631168447
009,0,82.75371,2B,5A,1,0.03378000000000725,0.7001967978409169,1.8247888266652783,54.019799486823175
009,0,83.71953,5A,2A,1,0.03307999999999822,1.0000985970252572,1.7397951510749305,52.59356563104668
009,0,83.78586,2A,1B,1,0.3329300000000046,22.452097313609436,1.4575497719762092,4.377946631352503
009,0,84.25229,1B,1A,1,0.06676000000000215,0.12330216038888153,0.6436323605273433,9.640988024675293
009,0,84.61838,1A,2A,1,0.3338600000000014,5.610457237870648,1.9212349248493688,5.754612486818909
009,0,85.08514,2A,5A,1,0.6345900000000029,16.516426152881124,1.8243410350472116,2.874834200109052
009,0,86.32007,5A,2B,1,0.03242000000000189,0.3640087019929581,1.8757259154200328,57.85706093213829
009,0,86.65369,2B,5A,1,0.06595000000000084,0.1734606285767626,1.8078420081153599,27.412312480899725
009,0,87.08459,5A,7A,1,0.6326799999999935,13.292890993651426,3.1197659737237498,4.931033024157207
009,0,87.88388,7A,4A,1,0.1000399999999928,5.20905938485928,1.6170803499802846,16.164337764698132
009,0,88.25034,4A,PresentationBoard,1,0.29919000000001006,54.388272053295,4.572776604622137,15.28385509081849
009,0,89.71643,PresentationBoard,4B,1,0.28910999999999376,55.11285441995953,5.1071958490681775,17.665234163703392
009,0,90.02861,4B,2A,1,0.11060000000000514,11.534854717243277,3.019946847542951,27.305125203822882
009,0,90.28345,2A,5A,1,0.2664000000000044,3.1861218428706195,1.9367155319641505,7.269953198063508
009,0,90.64957,5A,2A,1,0.06669000000000835,1.2585191518946175,1.67564397073714,25.125865508126108
009,0,90.98306,2A,4B,1,0.0666400000000067,1.2883219686458318,2.585966143739436,38.80501416175235
009,0,91.11607,4B,4A,1,1.6549900000000122,9.025334202075086,1.027404609616041,0.620792034765185
009,0,93.10393,4A,2B,1,0.13353999999999644,6.196939067937855,3.5084819358042947,26.2728915366511
009,0,93.97148,2B,8A,1,0.03279000000000565,0.06388981748335709,3.4220891574552117,104.3638047409156
009,0,94.27026,8A,2B,1,0.033620000000013306,0.33782863490431225,3.461979268380782,102.97380334263569
009,0,94.40422,2B,2A,1,0.0668500000000023,0.8000626416514507,0.4266422198321331,6.38208257041314
009,0,94.80321,2A,5A,1,1.066129999999987,3.8937223447244946,1.7607315766046279,1.6515167724429942
009,0,95.90308,5A,2B,1,0.032989999999998076,1.3265733986824557,1.9700413555248857,59.71631874886331
009,0,96.23682,2B,9A,1,0.23382000000000858,10.881192449202985,3.8555497431208234,16.48939245197452
009,0,97.10318,9A,5B,1,0.7325400000000002,5.004759977603413,1.913401480545476,2.612009556536811
009,0,98.93513,5B,2B,1,0.03324999999999534,0.10110410820074378,1.7851790559025247,53.68959566624887
009,0,99.10185,2B,2A,1,0.19919000000000153,2.98443240790219,0.43632398864748456,2.190491433543256
009,0,99.50137,2A,7B,1,0.03312999999999988,1.1299241056087865,3.941521519290734,118.97137094146538
009,0,99.56792,7B,4B,1,0.16624000000000194,3.985106657663316,1.6482986669636548,9.915174849396267
009,0,101.8457,4B,6A,1,0.5210000000000008,38.182391638956446,2.688902269921855,5.161040825185895
009,0,102.3887,6A,9A,1,0.6000999999999976,9.88686227281741,2.284169147562325,3.806314193571628
009,0,103.1886,9A,5B,1,0.20010000000000616,6.717936845322228,1.6890396501472107,8.440977761854866
009,0,103.888,5B,1B,1,0.29989999999999384,11.458716383689499,2.616164969617505,8.723457717964518
009,0,104.5209,1B,1A,1,0.06700000000000728,0.19075933432755932,0.7066171447317217,10.546524548233506
009,0,104.6208,1A,1B,1,1.0330999999999904,4.9956796513895725,0.9955718027941328,0.9636741871978919
009,0,107.6871,1B,4A,1,0.03260000000000218,0.21974739248894792,1.74558601782565,53.54558336888138
009,0,107.7527,4A,2B,1,0.43309999999999604,0.2481651291262068,3.461496638660718,7.992372751467905
009,0,108.4529,2B,5A,1,0.19950000000000045,0.8914510113872254,1.9782787475609542,9.916184198300499
009,0,108.8196,5A,2A,1,0.06660000000000821,0.5883756007021077,1.6823301159652286,25.260211951426747
009,0,109.3859,2A,5B,1,0.19999999999998863,8.36201950597659,1.5220812298868969,7.610406149434917
009,0,109.8863,5B,8A,1,0.03309999999999036,0.5366663121816941,1.7867724710059694,53.98104142013564
009,0,109.9855,8A,2B,1,0.033299999999997,0.09367187200888338,3.3886157846847937,101.7602337743273
009,0,110.0526,2B,8A,1,0.03280000000000882,0.29373170673693494,3.511048385255349,107.04415808702454
009,0,110.2191,8A,2B,1,0.03300000000000125,0.855706061080113,3.461223016911155,104.88554596700072
009,0,110.3854,2B,9A,1,0.5330999999999904,9.422149393425656,3.780117429472664,7.090822415067965
009,0,111.1183,9A,8A,1,0.5999999999999943,4.1143415496400735,2.257737110023357,3.7628951833722977
009,0,111.9181,8A,7B,1,0.23329999999999984,7.2409837103154615,1.6469402730258709,7.059323930672405
009,0,112.4179,7B,2A,1,0.9001999999999981,7.103837828406363,4.013416798616505,4.458361251518011
009,0,113.3506,2A,7B,1,0.033799999999999386,0.17306867293476103,3.9112232595220773,115.7166644829038
009,0,113.4174,7B,2A,1,0.03319999999999368,0.09875258447677737,3.9617288355998777,119.32918179519976
009,0,113.4844,2A,4B,1,0.09940000000000282,0.40100118413252517,2.43156392912571,24.462413773899808
009,0,113.7168,4B,2A,1,0.06680000000000064,0.33195787818425515,2.5429067157583076,38.06746580476472
009,0,113.8174,2A,1B,1,0.2997999999999905,2.680187979032766,1.309067494053385,4.366469293040115
009,0,114.2172,1B,1A,1,0.25499999999999545,2.501984972780569,0.8825059081889256,3.4608074830938875
009,0,114.9719,1A,1B,1,0.3329999999999984,4.081568801340239,0.80297436741269,2.4113344366747564
009,0,115.5386,1B,5A,1,0.09980000000000189,3.668083932789173,1.1498118170392102,11.521160491374633
009,0,115.6719,5A,2A,1,0.3996000000000066,7.787406284759527,1.9013498676984992,4.758132802048218
009,0,116.2385,2A,2B,1,0.06609999999999161,0.46082302392614594,0.4156349683852886,6.287972290247222
009,0,116.538,2B,5A,1,0.03360000000000696,0.11052010703601667,1.9101934612286549,56.85099586988867
009,0,116.9044,5A,2B,1,0.03370000000001028,0.4182854909496996,1.7725404641644298,52.59763988616882
009,0,117.8708,2B,2A,1,0.033299999999997,0.2454087997642418,0.41972307626930944,12.604296584665082
009,0,117.9389,2A,4B,1,0.33149999999999125,2.55297345871211,2.657630508728362,8.016984943373853
009,0,118.937,4B,PresentationBoard,1,0.9989000000000061,69.77338715121019,4.895754931300846,4.90114619211214
009,0,124.1453,PresentationBoard,1A,1,0.2043999999999926,36.13677160104605,3.4399136347651402,16.829323066366268
009,0,124.469,1A,2A,1,0.3656000000000006,12.945621754558928,2.7373420490610965,7.487259433974541
009,0,126.4676,2A,7A,1,0.9321999999999946,8.728808376004132,4.526710525237826,4.855943494140584
009,0,127.6335,7A,PresentationBoard,1,1.96520000000001,80.68907623582828,6.4122228333821925,3.262885626593812
009,0,131.2768,PresentationBoard,5B,1,0.6770999999999958,83.69707818893585,5.673510934389599,8.379132970594645
009,0,131.9876,5B,9A,1,0.2330000000000041,14.985893811474668,2.7911608563030046,11.97923114293114
009,0,132.2869,9A,3A,1,0.13349999999999795,5.422182783005155,3.5216896517952407,26.37969776625689
009,0,132.754,3A,6A,1,0.2656000000000063,3.2466372408472353,1.7570278738585112,6.61531579012978
009,0,135.1859,6A,5B,1,0.066599999999994,3.6487648236555117,0.5990424559237517,8.994631470327413
009,0,135.3525,5B,8A,1,0.03350000000000364,4.3406793566072395,1.7486399566649764,52.198207661635415
009,0,135.419,8A,PresentationBoard,1,0.4650999999999783,80.56751263559073,6.765856193578744,14.547099964693741
009,0,137.162,PresentationBoard,1A,1,0.422300000000007,32.66600329812478,4.146637581950712,9.819174951339434
009,0,137.7843,1A,4A,1,0.2331000000000074,11.216052206173664,1.4948196147935071,6.412782560246502
009,0,138.0838,4A,2A,1,0.1338000000000079,6.042260010310599,3.0800842128312396,23.020061381398037
009,0,138.2845,2A,7B,1,0.06639999999998736,1.5031380585446072,3.9400644886702763,59.33832061251546
009,0,138.3844,7B,8A,1,0.2997000000000014,3.5748772038389447,1.4432146221609208,4.815530938141188
009,0,139.2506,8A,6A,1,0.8327000000000169,19.57908933158518,3.5293373627461007,4.238426039084939
009,0,140.5168,6A,9A,1,0.1004000000000076,2.102524465742192,1.776896234584102,17.69816966717099
009,0,140.6835,9A,8B,1,0.10049999999998249,4.926066734388058,1.0873694305491306,10.819596323873832
009,0,140.8501,8B,5B,1,0.033299999999997,0.8631525307592796,1.7317146021759147,52.00344150678891
009,0,141.1168,5B,8A,1,0.3669999999999902,7.292902962533816,2.001512311123906,5.453712019411333
009,0,141.5163,8A,2B,1,0.166499999999985,0.4045258753150591,3.351727627623542,20.13049626200507
009,0,141.9492,2B,1B,1,0.5666999999999973,12.44367029004875,2.5998980023938243,4.58778542861097
009,0,142.6156,1B,1A,1,0.33310000000000173,8.587460665793103,0.8257551217305344,2.479000665657551
009,0,143.3484,1A,1B,1,0.03350000000000364,0.29114663740512725,0.6790205690060939,20.269270716597617
009,0,144.3378,1B,1A,1,0.03350000000000364,0.4406757910307775,0.6909337863986972,20.624889146227527
009,0,144.77,1A,PresentationBoard,1,0.2324999999999875,39.69104567924231,2.790574608042938,12.00247143244339
009,0,148.1271,PresentationBoard,1A,1,0.2656999999999812,45.27303409230134,3.794794097378946,14.282251025138182
009,0,148.5248,1A,1B,1,0.021600000000006503,0.9838160430822,0.6658474335552853,30.826270071994667
009,0,148.6687,1B,1A,1,0.03319999999999368,1.334797136454398,0.8100365024560562,24.398689833018384
009,0,148.9017,1A,PresentationBoard,1,0.23259999999999081,38.96236919589717,3.0435356271686653,13.084847924199423
009,0,149.7564,PresentationBoard,4B,1,0.4673999999999978,57.3256220245352,4.732149735127414,10.124411072159683
009,0,150.357,4B,2A,1,0.069500000000005,6.4476411051899944,2.6018028363564003,37.436012033902344
009,0,150.5243,2A,2B,1,0.033999999999991815,1.0980285961038447,0.3767833168417226,11.081862260053333
009,0,151.0563,2B,2A,1,0.066599999999994,1.9280203628747188,0.5118296773283958,7.685130290216846
009,0,151.323,2A,1B,1,0.2658999999999878,9.56778965409353,1.6840685272466265,6.33346569103687
009,0,152.0894,1B,4A,1,0.2331999999999823,0.8529200265282455,1.8140031082379129,7.778744031895585
009,0,153.089,4A,2B,1,0.09960000000000946,2.019000165525547,3.567485650883227,35.818129024928595
009,0,153.6222,2B,2A,1,0.03290000000001214,0.15933944737108163,0.3343863515206567,10.16371889120162
009,0,154.155,2A,PresentationBoard,1,0.6655000000000086,71.92279310021966,4.0644033311311425,6.107292759024928
009,0,156.3691,PresentationBoard,4A,1,0.3085999999999842,45.925273966287435,4.84826590053174,15.710518148191795
009,0,156.7204,4A,4B,1,0.5996999999999844,5.940698539951995,2.7921000021686977,4.655827917573404
009,0,157.4536,4B,2B,1,0.06739999999999213,3.8278123044030394,2.910543848026525,43.18314314579918
009,0,158.0203,2B,4B,1,0.3669000000000153,6.760433445327777,3.1088020123356004,8.473158932503326
009,0,158.4202,4B,6A,1,0.9331999999999994,19.56698999574388,4.086789067849595,4.379328191008999
009,0,159.4533,6A,5B,1,0.099899999999991,1.4935839245029712,0.4792453575776086,4.797250826603121
009,0,159.7533,5B,2B,1,0.1664000000000101,3.2473584692551327,1.7706015522325658,10.640634328320063
009,0,160.0858,2B,4B,1,0.2991999999999848,25.25827908568722,3.1464609490762747,10.516246487554929
009,0,160.4186,4B,PresentationBoard,1,1.2998000000000047,70.96210940476809,5.759428838557721,4.431011569901292
009,0,165.9045,PresentationBoard,1A,1,0.2909999999999968,38.81807750771571,4.3684163155302524,15.011739915911685
009,0,166.2838,1A,4A,1,0.05649999999999977,2.7397303364413403,1.1348998316379335,20.08672268385731
009,0,166.4051,4A,4B,1,0.19999999999998863,0.8521105622254623,1.0427413840976534,5.213706920488563
009,0,167.0051,4B,5B,1,0.26650000000000773,11.922074944678037,1.6753819762636966,6.286611543203182
009,0,167.5717,5B,8A,1,0.13360000000000127,3.590049681895138,1.6272075856208943,12.179697497162266
009,0,167.772,8A,5B,1,0.033299999999997,0.6049941956497946,1.7019270563836337,51.108920612125736
009,0,168.9717,5B,9A,1,0.26660000000001105,6.597124049186675,1.707672922447448,6.405374802878384
009,0,169.4381,9A,6A,1,0.03340000000000032,0.5639318942370011,1.7681259787495796,52.93790355537613
009,0,169.6709,6A,3A,1,0.03370000000001028,0.45290590202766623,1.7409965861391716,51.661619766725245
009,0,171.1707,3A,PresentationBoard,1,0.5648999999999944,112.91830341046064,4.484014428428838,7.937713627949872
009,0,176.4458,PresentationBoard,1A,1,0.537700000000001,42.8208712438971,4.763992548249046,8.859945226425586
009,0,177.2891,1A,1B,1,0.10009999999999764,4.0918964526121115,0.8141709797972474,8.133576221750916
009,0,177.489,1B,4A,1,0.033799999999985175,1.5767471604831869,1.8021344519942488,53.317587337131336
009,0,177.689,4A,4B,1,0.033299999999997,0.6783997886489104,0.6585895361035508,19.777463546654957
009,0,177.8563,4B,2A,1,0.19960000000000377,1.5177413433558726,2.534619064068336,12.698492304951344
009,0,178.8553,2A,4B,1,0.099899999999991,2.763943395005988,2.6020423381493623,26.046469851347315
009,0,179.1883,4B,4A,1,0.066599999999994,1.6722191814994147,0.5005001338549669,7.515017024850031
009,0,179.355,4A,7A,1,1.7027999999999963,12.30827862504509,1.7559913953904678,1.0312376059375568
009,0,181.089,7A,4B,1,0.9327000000000112,10.480817149754479,2.024007682543841,2.170052195286605
009,0,183.653,4B,5A,1,0.10009999999999764,1.0863110939938139,0.8006228643169016,7.998230412756448
009,0,184.2865,5A,2B,1,0.0338000000000136,1.27578172092214,1.922985447029449,56.89306056297856
009,0,184.6531,2B,8A,1,0.06739999999999213,0.9902105096035996,3.5280910510069456,52.3455645550053
009,0,184.7535,8A,2B,1,0.03280000000000882,0.3138493319310669,3.4709728965034294,105.8223444055639
009,0,184.8193,2B,8A,1,0.03319999999999368,0.03381488808376787,3.4918204325982685,105.17531423490763
009,0,184.9857,8A,2B,1,0.033999999999991815,0.3303514405015875,3.4561712406115674,101.6520953121294
009,0,185.0869,2B,8A,1,0.03319999999999368,0.6472368929288734,3.538426439097296,106.57910961138464
009,0,185.1531,8A,2A,1,0.06620000000000914,2.6205887980791402,3.3603449068556728,50.76049708240497
009,0,185.4196,2A,7B,1,0.03280000000000882,0.46424235017661886,3.9689022221433725,121.00311652872881
009,0,185.5856,7B,7A,1,0.10210000000000719,2.040170057104646,0.6458423439102148,6.325586130364048
009,0,186.0193,7A,4B,1,0.03280000000000882,0.49418343134992426,1.9562139573590236,59.64066943166151
009,0,186.1858,4B,9B,1,0.7997000000000014,31.377586607359234,5.489432570680904,6.864364850169932
009,0,187.0515,9B,6A,1,0.2336999999999989,2.937172710002386,1.97425554063023,8.447820028370728
009,0,187.7518,6A,2B,1,0.09950000000000614,6.215447728517404,2.040892663946955,20.511484059767128
009,0,188.0847,2B,1B,1,0.4660000000000082,20.95818854601302,2.4114512190864072,5.174788023790483
009,0,188.7174,1B,4A,1,0.06620000000000914,0.0384882449343138,1.7378629625183335,26.251706382448543
009,0,188.9508,4A,4B,1,0.03350000000000364,0.01998972852606329,0.4933393685964659,14.726548316310815
009,0,189.1839,4B,5A,1,0.2008000000000152,4.8962227881853195,1.1060442697240516,5.508188594242868
009,0,189.5733,5A,2B,1,0.03290000000001214,0.4271881889407467,1.8809368372387334,57.17133243884618
009,0,189.7729,2B,5A,1,0.0998000000000161,2.8224484511565464,1.8778126730172282,18.81575824666258
009,0,190.106,5A,2B,1,0.03370000000001028,0.6640612644914086,1.9124947205336573,56.75058517902297
009,0,190.3746,2B,5B,1,0.03100000000000591,0.1774990428587131,1.6261473786755705,52.456367054040655
009,0,193.8044,5B,8B,1,0.0332000000000221,0.02809233852616444,1.6522343366884156,49.7660944785336
009,0,193.871,8B,5B,1,0.03319999999999368,0.1561346716725751,1.7720765990945768,53.375801177557655
009,0,194.1708,5B,8B,1,0.033599999999978536,0.4398906524371853,1.7494494334579656,52.066947424377474
009,0,194.5386,8B,5B,1,0.03319999999999368,0.9000769247186611,1.621493556800646,48.84016737352274
009,0,194.6055,5B,8B,1,0.03309999999999036,0.41699667996743983,1.5900805300810548,48.038686709411415
009,0,194.6719,8B,5B,1,0.032100000000014006,0.2233046733259556,1.683593312248092,52.448389789637304
009,0,194.9042,5B,8B,1,0.03340000000000032,0.09611206243347681,1.6233293846726855,48.60267618780449
009,0,196.4045,8B,5B,1,0.031899999999978945,0.6677862195436006,1.7536809766663366,54.97432528738226
009,0,196.5029,5B,8B,1,0.033799999999985175,1.2977409202000416,1.728717278608648,51.1454816156629
009,0,196.6031,8B,2B,1,0.13349999999999795,10.521919733058006,3.5971972294084713,26.94529759856574
009,0,196.8029,2B,PresentationBoard,1,0.49860000000001037,82.70991030031237,3.8668392356979155,7.755393573401194
009,0,199.8132,PresentationBoard,1B,1,0.42420000000001323,55.073172737576925,4.252138657233907,10.023900653544965
009,0,200.8342,1B,2A,1,0.8001999999999896,12.711904564165003,1.6452113375283979,2.056000171867557
009,0,205.3209,2A,PresentationBoard,1,0.36590000000001055,69.44658724789821,3.214220150327526,8.78442238405967
009,0,207.1975,PresentationBoard,1A,1,0.5896000000000186,65.67601402059498,5.115307565627781,8.675894785664212
009,0,207.8543,1A,2A,1,0.4656999999999982,6.585268175392059,2.4877567036289943,5.341972737017401
009,0,208.3865,2A,7A,1,0.13329999999999131,0.24318594684869055,4.4991049899505615,33.7517253559704
009,0,209.0527,7A,2B,1,0.23400000000000887,7.278298836264206,4.885348867075989,20.87755926100771
009,0,209.8539,2B,5B,1,0.06629999999998404,0.6149006501929648,1.7046865585758835,25.711712799039123
009,0,210.1541,5B,9A,1,0.39910000000000423,14.12258967023402,2.523944167535475,6.3240896204847115
009,0,210.5868,9A,6A,1,0.09940000000000282,0.1320957942508727,1.807061262644529,18.179690771071204
009,0,210.8198,6A,8B,1,0.39920000000000755,7.195019334743577,2.048186313511971,5.130727238256343
009,0,211.3529,8B,5B,1,0.03299999999998704,0.7917976761562642,1.597167646221789,48.39901958249746
009,0,211.4863,5B,2B,1,0.23320000000001073,4.080466351201295,1.6763301035274527,7.188379517698866
009,0,211.7522,2B,8A,1,0.03330000000002542,0.3124046489342902,3.447309236522957,103.52279989550527
009,0,211.8523,8A,2B,1,0.033499999999975216,0.33227628924700525,3.4929335603228995,104.26667344255175
009,0,212.2181,2B,PresentationBoard,1,0.3329999999999984,69.14144817052963,3.289868704242247,9.879485598325113
009,0,214.683,PresentationBoard,1A,1,0.40040000000001896,56.335258613897,4.828749919310944,12.059814983293494
009,0,215.2505,1A,4A,1,0.13269999999999982,7.336407758182865,1.439438576489907,10.847314065485373
009,0,215.5504,4A,4B,1,0.1331000000000131,6.507461497833027,0.7284003821141503,5.472579880646721
009,0,215.75,4B,2A,1,0.1665999999999883,0.7756179931160361,2.4779468649495735,14.873630641955266
009,0,215.9836,2A,5A,1,0.33279999999999177,3.246099031309299,1.695374785752805,5.09427519757466
009,0,216.3832,5A,2B,1,0.03450000000000841,0.29383100531653383,1.8607460348743052,53.934667677502944
009,0,216.4831,2B,7A,1,0.1998999999999853,4.756503894239543,4.809431675890342,24.059187973440196
009,0,216.7163,7A,2A,1,0.06669999999999732,1.2806238044790703,4.413100001495264,66.16341831327499
009,0,216.8163,2A,7A,1,0.06639999999998736,0.6249016174913322,4.451582859678679,67.04191053734226
009,0,217.4493,7A,2B,1,0.10050000000001091,1.6489161014653035,4.868083825153254,48.43864502639527
009,0,217.8822,2B,5B,1,1.0003999999999849,13.37318622587783,1.7937688001846308,1.7930515795528368
009,0,219.3823,5B,8A,1,0.09970000000001278,1.505822930403852,1.7527983387678683,17.580725564369544
009,0,219.5157,8A,5B,1,0.03299999999998704,0.3503023187683425,1.8147221190885439,54.99157936634111
009,0,220.0151,5B,8A,1,0.03300000000001546,1.45312215436644,1.6935011726679268,51.31821735354949
009,0,220.0815,8A,6A,1,0.6670000000000016,24.40213061739101,3.7290946670538747,5.590846577292153
009,0,221.2149,6A,PresentationBoard,1,0.36529999999999063,82.69422582483085,5.35178547611171,14.650384549991369
009,0,224.803,PresentationBoard,4A,1,0.4076000000000022,41.790409818560434,5.897407355228822,14.468614708608415
009,0,225.3476,4A,2A,1,1.188600000000008,9.899869509525907,3.132499248516585,2.6354528424335886
009,0,227.4561,2A,4A,1,0.10009999999999764,1.3949185177110763,3.1678388723707602,31.646741981726624
009,0,227.5892,4A,5B,1,1.033299999999997,24.34179262299719,2.6929567932172884,2.6061712892841347
009,0,228.7555,5B,2A,1,0.6995999999999754,27.50476201694015,1.4364084416443297,2.0531853082395375
009,0,230.3213,2A,1B,1,0.3001999999999896,9.06864839154062,1.6135682629373507,5.3749775580859644
009,0,231.2877,1B,PresentationBoard,1,0.5324999999999989,44.35070265771995,3.729203740770484,7.003199513184023
009,0,234.799,PresentationBoard,1B,1,0.5322999999999922,36.20172756793906,3.04788396208418,5.725876314266813
009,0,235.5102,1B,4B,1,0.47569999999998913,10.546694727832922,2.0104965489944044,4.226395940707274
009,0,236.2194,4B,1B,1,0.06589999999999918,1.1217128028963756,1.3189088962442448,20.013792052264964
009,0,236.7221,1B,2B,1,0.3324999999999818,10.892901621290719,2.2186987848533137,6.672778300311083
009,0,237.5302,2B,5B,1,0.0327000000000055,0.7565207606087796,1.6368492165893105,50.05655096602554
009,0,239.7959,5B,8A,1,0.06630000000001246,0.5680415608743914,1.6846589652549415,25.409637484986803
009,0,240.129,8A,5B,1,0.03310000000001878,0.41203956717463086,1.8286223245584412,55.24538744886416
009,0,240.6625,5B,8B,1,0.633499999999998,3.4691163569453067,1.5755818001670998,2.4871062354650433
009,0,242.0305,8B,9A,1,0.09850000000000136,1.3875157014035722,0.7391295572555125,7.503853373152308
009,0,242.3617,9A,8B,1,0.06680000000000064,1.6813503081586987,0.5507277167623303,8.244426897639597
009,0,242.595,8B,5B,1,0.20070000000001187,3.991307543276733,1.6383825128690945,8.163340871295453
009,0,242.8286,5B,7B,1,0.1664000000000101,8.02439192340087,3.019308098994669,18.144880402611093
009,0,243.462,7B,2A,1,0.03290000000001214,0.21190859307971976,3.9964322688982694,121.47210543759253
009,0,243.7616,2A,5B,1,0.0998000000000161,0.8801863651016362,1.4693827591857263,14.723274140135162
009,0,245.1151,5B,2B,1,0.06789999999998031,0.5106979225083847,1.7683827442116142,26.04392848618744
009,0,245.415,2B,2A,1,0.03390000000001692,0.9119113336581961,0.4502505171460105,13.281726169492208
009,0,245.7813,2A,4B,1,0.06660000000002242,1.3714487736609726,2.5630785457954426,38.48466284976846
009,0,245.9148,4B,4A,1,0.13299999999998136,4.428827861778032,0.6033541167770052,4.536497118624736
009,0,246.1145,4A,1B,1,0.13330000000001974,8.511904597805625,1.8083132478356205,13.565740793963636
009,0,246.4365,1B,1A,1,0.02420000000000755,0.024320890510303173,0.6460074963299496,26.694524641725128
009,0,246.7364,1A,1B,1,0.033299999999997,0.41091866659846943,0.624574067474499,18.755978002238898
009,0,247.3696,1B,1A,1,0.03340000000000032,1.3290916023942714,0.7239712175273336,21.675784955907986
009,0,247.5359,1A,PresentationBoard,1,0.36600000000001387,45.20371122862662,3.6767916883707854,10.045878929974442
009,0,251.379,PresentationBoard,1A,1,0.4005000000000223,35.54719150918656,4.7085325700036975,11.7566356304705
009,0,251.8786,1A,4A,1,0.28139999999999077,10.387238202998283,1.674605315767139,5.950978378703603
009,0,252.2508,4A,2A,1,0.2150000000000034,1.7715378240848167,3.17408553622445,14.763188540578604
009,0,252.7342,2A,2B,1,0.36600000000001387,10.456204843483235,0.6139160950981181,1.6773663800494394
009,0,253.6121,2B,4A,1,0.133199999999988,6.170413333515796,3.5513383982248956,26.661699686375492
009,0,253.7787,4A,4B,1,0.23440000000002215,4.200526729296712,0.6537293277374137,2.788947643930682
009,0,254.1124,4B,2A,1,0.233099999999979,0.1657075152806442,2.586467465630598,11.095956523512788
009,0,254.5124,2A,8A,1,0.26599999999999113,9.399941280471879,3.180963774313755,11.958510429751358
009,0,254.8784,8A,3A,1,0.3335999999999899,18.084385745343724,4.222186262665337,12.656433641083527
009,0,255.5448,3A,6A,1,0.03340000000000032,0.2555211095398988,1.6856465275438648,50.46845890849846
009,0,255.8118,6A,9A,1,0.03309999999999036,0.2468930916967338,1.7571421415437622,53.08586530345239
009,0,256.1114,9A,3A,1,0.0665000000000191,0.41455991847750795,3.524129678069183,52.99443124914542
009,0,257.0157,3A,3B,1,0.11619999999999209,0.5605807583528133,0.4568429616421818,3.9315229056989063
009,0,257.4655,3B,3A,1,0.06649999999996226,1.2751127436409888,0.37215188931300647,5.596269012228838
009,0,257.5985,3A,2B,1,0.16660000000001673,4.968084138462785,1.0480425247240734,6.29077145692658
009,0,258.0983,2B,7B,1,0.16669999999999163,7.258854971681373,4.565461257001234,27.387290083991978
009,0,258.2984,7B,2A,1,0.16669999999999163,5.381930951199898,3.991263231126456,23.94279082859422
009,0,258.5979,2A,4B,1,0.6000000000000227,8.286967143375094,2.5275669607439086,4.212611601239688
009,0,259.4644,4B,4A,1,0.03319999999996526,0.08119257570142935,0.6425526578889005,19.35399571956545
009,0,259.5644,4A,7A,1,0.20100000000002183,1.0393066031890896,1.4407974781283592,7.168146657354242
009,0,259.7975,7A,4B,1,0.03309999999999036,0.4548069876231935,1.968708419759453,59.477595763142794
009,0,260.264,4B,7A,1,0.0747000000000071,0.09058872716382638,1.9651673574437776,26.30746127769198
009,0,260.3642,7A,1B,1,0.05490000000003192,0.7569522795422969,3.2858025634378336,59.85068421559058
009,0,261.1194,1B,4A,1,0.29920000000004165,0.4161758540778848,1.8217359513860971,6.088689677091723
009,0,261.6516,4A,1A,1,0.06680000000000064,2.067598582456391,1.1216450350551013,16.791093339148063
009,0,261.9851,1A,PresentationBoard,1,0.6933999999999969,53.155388308483616,3.8419922988265034,5.540802276934699
009,0,268.7267,PresentationBoard,1A,1,0.2219000000000051,29.16653220196625,3.3556896920273616,15.122531284485284
009,0,269.2033,1A,1B,1,0.048900000000003274,1.8775387178840361,0.8129541729635749,16.624829712955428
009,0,269.278,1B,4A,1,0.10109999999997399,3.0714860841958327,1.8769599332786622,18.56538015112903
009,0,269.4305,4A,2A,1,0.41800000000000637,1.3633334138095634,3.1409590363276307,7.514256067769337
009,0,269.9484,2A,5B,1,2.1877000000000066,18.54454674271046,1.7881635319410807,0.8173714549257555
009,0,272.1699,5B,8B,1,0.03350000000000364,2.9717459118787275,1.6588029504732078,49.516505984269486
009,0,272.4382,8B,9A,1,0.2646000000000299,4.688092487504079,1.0601376751675085,4.006567177503358
009,0,273.0368,9A,8B,1,0.5002999999999815,4.229923008169038,1.4922445864409395,2.9826995531500993
009,0,273.5702,8B,5B,1,0.23279999999999745,4.549914954947539,1.704261766529488,7.320712055539118
009,0,274.1029,5B,2B,1,0.03300000000001546,0.11034398604716955,1.7350702299521195,52.5778857561002
009,0,274.4352,2B,9A,1,0.20009999999996353,1.8900789104742728,3.5367858491976314,17.67509170014131
009,0,274.7695,9A,6A,1,0.032500000000027285,0.036932283397419496,1.6874434965267462,51.921338354625526
009,0,275.0691,6A,8B,1,0.1997000000000071,0.6043656676136351,2.532075551834036,12.679396854451408
009,0,275.335,8B,5B,1,0.03350000000000364,0.43862949009701424,1.675306236524358,50.00914138878138
009,0,275.5349,5B,2B,1,0.03350000000000364,0.4699515984714253,1.8204922209066152,54.343051370340824
009,0,275.7757,2B,4A,1,0.2939000000000078,19.62481673259426,3.666353315860505,12.474832650086448
009,0,276.2346,4A,1B,1,0.16660000000001673,4.1698327946879985,1.7693693361604186,10.620464202642502
009,0,276.5011,1B,1A,1,0.0666999999999689,0.8097982363294705,0.8468165208716764,12.695899863149494
009,0,277.9674,1A,2B,1,0.09969999999998436,11.572761122246298,2.6338728322468796,26.41798226928077
009,0,278.2521,2B,8A,1,0.05170000000003938,4.010171668820817,3.452417308411376,66.77789764813822
009,0,278.3301,8A,5B,1,0.05279999999999063,4.700508762198098,1.7554756391311643,33.247644680520374
009,0,278.4083,5B,9A,1,0.10520000000002483,5.521834204868185,2.006384481986872,19.072095836372608
009,0,278.6167,9A,6A,1,0.08400000000000318,1.663207466489851,1.806270964720435,21.503225770480555
009,0,278.9672,6A,PresentationBoard,1,1.1310000000000286,113.30930093734347,6.786519967921141,6.00045974175152
009,0,289.3914,PresentationBoard,1A,1,0.5696000000000367,58.79812596283098,5.171844273577982,9.079782783668623
009,0,290.0376,1A,4A,1,0.10629999999997608,4.518417202470239,1.2332376848791153,11.601483394914325
009,0,290.5504,4A,1A,1,0.13279999999997472,2.0840442965105552,1.0265584925448914,7.730109130610594
009,0,290.9166,1A,1B,1,0.033799999999985175,0.3874720667434133,0.820219516337547,24.266849595796057
009,0,291.1169,1B,2A,1,0.06639999999998736,2.542344116592986,1.3633873278029398,20.532941683783122
009,0,291.3955,2A,2B,1,0.21039999999999281,6.702131026746422,0.5455362335319626,2.5928528209694925
009,0,291.9063,2B,5B,1,0.133199999999988,1.481811780733949,1.8045862348912043,13.547944706391643
009,0,292.2407,5B,9A,1,0.331799999999987,11.549620856691206,2.3882452470382205,7.1978458319418746
009,0,292.6395,9A,6A,1,0.3331999999999766,2.518992366893144,1.765491967240579,5.2985953398580525
009,0,293.2062,6A,5B,1,0.09940000000000282,4.54753088633025,0.868524807564666,8.737674120368625
009,0,293.3722,5B,PresentationBoard,1,0.5652999999999793,100.64406775277357,5.128914784431677,9.072907809007368
009,0,299.0504,PresentationBoard,4B,1,1.09639999999996,65.66979535095862,6.042646842480528,5.511352464867519
009,0,301.1903,4B,2B,1,0.48900000000003274,5.010110955931815,3.1542283652922913,6.450364755198528
009,0,302.0129,2B,8A,1,0.10000000000002274,1.2634247145824204,3.6143687903864414,36.1436879038562
009,0,302.146,8A,5B,1,0.099899999999991,4.177714227289371,1.8740943321441321,18.759703024467477
009,0,303.179,5B,4B,1,1.7430000000000518,27.573350168076345,4.1751802663105915,2.3953988905969403
009,0,305.0881,4B,2A,1,0.06779999999997699,5.209798876955155,2.5650725294169328,37.83292816250447
009,0,305.3552,2A,5A,1,0.0999999999999659,0.41817420795599247,1.6478445700481732,16.478445700487352
009,0,305.7888,5A,2B,1,0.03350000000000364,0.04465277582175986,1.8191270424080583,54.30229977336898
009,0,305.8554,2B,5A,1,0.0331000000000472,0.27508807634747257,1.8289346048463355,55.25482189860203
009,0,305.922,5A,2B,1,0.034199999999998454,0.16814044995335564,1.8556358307654444,54.25835762472305
009,0,306.2551,2B,5A,1,0.0333999999999719,0.7550087201523894,1.8434883169435274,55.1942609863796
009,0,306.322,5A,2A,1,0.03269999999997708,0.9212188956302754,1.6720819872927881,51.13400572764404
009,0,306.7549,2A,1B,1,0.33269999999998845,11.9783080576141,1.7030506808495454,5.118877910578913
009,0,307.2208,1B,PresentationBoard,1,1.132000000000005,49.87963478018418,3.073418847376849,2.715034317470703
009,0,310.5049,PresentationBoard,1A,1,0.5403999999999769,57.70471524987915,5.074277860629078,9.389855404569383
009,0,311.1212,1A,1B,1,0.09969999999998436,2.242897576633382,0.7265655963394081,7.287518518952077
009,0,311.2697,1B,4A,1,0.12659999999999627,1.9595287317065697,1.9154904229493832,15.130256105445811
009,0,311.7633,4A,5A,1,0.13369999999997617,6.952631066887399,1.6349291266258636,12.22834051328463
009,0,311.9304,5A,2B,1,0.03279999999995198,1.5185849893076693,1.8944767016156125,57.7584360249508
009,0,312.1968,2B,5A,1,0.03309999999999036,0.11965316546739757,1.943260215359309,58.70876783564577
009,0,312.6641,5A,2B,1,0.2656000000000063,3.351380806498497,2.0274722882054332,7.633555301978108
009,0,313.4299,2B,8A,1,0.16689999999999827,2.034831833556467,3.452296037438105,20.684817480156624
009,0,313.6632,8A,9A,1,0.5002000000000066,19.119201910287728,2.8686424930150323,5.7349909896341345
009,0,314.5955,9A,6A,1,1.5002000000000066,0.2981564915101558,1.7189138692982846,1.1457898075578437
009,0,316.1289,6A,8B,1,0.33379999999999654,3.150300234166906,1.9426232409316633,5.819722111838476
009,0,316.7292,8B,5B,1,0.03289999999998372,0.863207056451671,1.6590338726922842,50.42656148003359
009,0,316.8623,5B,2A,1,0.0665000000000191,2.7420616518845264,1.5270060165716963,22.96249648979335
009,0,317.2288,2A,4B,1,0.29990000000003647,4.469992369191992,2.4236496212312306,8.0815259127407
009,0,318.262,4B,1B,1,0.06740000000002055,2.8469087971132225,1.2786697036801025,18.97136058871977
009,0,319.2355,1B,1A,1,1.0278999999999883,3.419105262099876,0.8207389495488865,0.798461863555692
009,0,320.6002,1A,2A,1,0.4701000000000022,12.345147036096904,2.377704594512127,5.057869803259128
009,0,321.2373,2A,2B,1,0.06689999999997553,2.8219265980988197,0.39826468041704366,5.9531342364303335
009,0,323.6364,2B,2A,1,0.066599999999994,0.9923350039122738,0.4179178634302317,6.275042994448489
009,0,324.6692,2A,5B,1,0.06589999999999918,1.9853478650301142,1.425119138721005,21.625480101988202
009,0,325.3687,5B,4B,1,1.0663000000000125,27.073191661106186,2.724029610101463,2.5546559224434318
009,0,326.6342,4B,4A,1,0.4996999999999616,2.336417940892794,1.0134222537905115,2.0280613443878113
009,0,327.1678,4A,4B,1,0.33330000000000837,3.3790487067853263,0.7003588009559172,2.101286531520851
009,0,327.5343,4B,2A,1,0.16650000000004184,0.564563768178985,2.4848363374807607,14.923941966847666
009,0,327.7339,2A,2B,1,0.099899999999991,3.5738060831343503,0.5412506664718761,5.417924589308558
009,0,328.2342,2B,9A,1,0.23310000000003583,12.037075246955425,3.659810421023526,15.70060240679092
009,0,328.634,9A,6A,1,0.19990000000001373,2.390234164155956,1.7655652461164983,8.832242351757763
009,0,329.1676,6A,3A,1,0.46550000000002,13.75212019344373,1.6849389911046304,3.6196326339517895
009,0,329.6665,3A,3B,1,0.23340000000001737,5.763987678929212,0.777724432125544,3.3321526654905145
009,0,330.0341,3B,6A,1,1.1981999999999857,13.927364940770659,1.5304939083574458,1.2773275816703924
009,0,331.2657,6A,9A,1,0.03350000000000364,1.0307611117319908,1.6427575215449206,49.03753795655947
009,0,331.3994,9A,8B,1,0.33330000000000837,5.253690002504243,1.1053999270554935,3.3165314343098284
009,0,332.0659,8B,5B,1,0.03460000000001173,0.6980158749510963,1.708294797573212,49.37268201076973
009,0,332.166,5B,7B,1,0.33339999999998327,12.243721847886363,2.8578859782016233,8.57194354589612
009,0,332.5319,7B,2A,1,0.033299999999997,0.9085478246471013,3.970290301370032,119.22793697808979
009,0,333.4987,2A,4B,1,0.032500000000027285,0.33769864009150297,2.6288571782102754,80.88791317563287
009,0,333.7648,4B,4A,1,0.23330000000004247,2.18242585221428,0.6395084685591031,2.7411421712772683
009,0,334.1312,4A,1B,1,0.26380000000000337,2.873806625921368,2.0204911496806433,7.659177974528497
009,0,335.5197,1B,4B,1,0.06680000000000064,3.7928766285547724,1.4212599587782133,21.276346688296403
009,0,335.6525,4B,2B,1,0.4344000000000392,12.504105979942558,3.030212050238836,6.975626266663357
009,0,336.9194,2B,2A,1,0.033999999999991815,0.23813282719240192,0.34420743745152893,10.123748160341524
009,0,337.1195,2A,2B,1,0.06629999999995562,0.36706184158813926,0.3186364291307727,4.805979323242625
009,0,337.2195,2B,2A,1,0.6324000000000183,1.752706278689942,0.20290523593293494,0.32084951918552984
009,0,337.9856,2A,1B,1,0.2330000000000041,12.28524539662557,1.8191285915115016,7.807418847688711
009,0,339.0845,1B,PresentationBoard,1,0.4660000000000082,55.94727036685351,3.330720752333759,7.1474694256088
009,0,344.1896,PresentationBoard,1B,1,0.26930000000004384,38.77856076433997,2.8696804478542584,10.656072958981772
009,0,344.5401,1B,4B,1,0.21230000000002747,21.23172341656244,2.0655895063120098,9.729578456484893
009,0,344.8329,4B,2B,1,0.47210000000001173,3.4270391214138627,3.2766446692418514,6.940573330315124
009,0,345.7381,2B,9A,1,0.26640000000003283,10.931873711990946,3.792241140296989,14.235139415527483
009,0,346.071,9A,5B,1,0.5000999999999749,3.2624073954639528,1.9864148655717662,3.972035324078916
009,0,346.9373,5B,4A,1,0.7325000000000159,23.312843720718654,3.3407834734285458,4.560796550755595
009,0,347.7032,4A,2A,1,0.26660000000003947,2.4260478520132054,3.110030791434638,11.665531850840875
009,0,348.0371,2A,7A,1,0.06619999999998072,1.2839044752802522,4.50605961480579,68.06736578258463
009,0,348.2028,7A,2A,1,0.0333999999999719,0.26587414185979696,4.498252352314113,134.67821414125441
009,0,348.6699,2A,PresentationBoard,1,0.5317000000000007,56.39759868848141,2.7369847268044682,5.14761092120456
009,0,351.1291,PresentationBoard,2A,1,0.5849999999999795,69.54992760730207,3.7465262113090505,6.4043183099302246
009,0,351.8186,2A,2B,1,0.13240000000001828,10.836122997592383,0.7253858936463611,5.47874542028898
009,0,352.0348,2B,5B,1,0.30009999999998627,1.7258212447940906,1.6558656547421773,5.5177129448259015
009,0,352.6674,5B,2B,1,0.033299999999997,0.028323182123273227,1.66369253173312,49.96073668868679
009,0,353.0672,2B,2A,1,0.0333999999999719,0.07637585239083222,0.35468875581737275,10.619423826876384
009,0,354.7665,2A,7A,1,0.066599999999994,1.338132761532556,4.4609695822386,66.98152525884387
009,0,354.9667,7A,4B,1,0.23279999999999745,4.749721412927926,1.9336567486291978,8.306085689988054
009,0,357.754,4B,7A,1,0.1998999999999569,8.326881383540467,1.9403460021610197,9.70658330245842
009,0,358.0537,7A,PresentationBoard,1,0.39920000000000755,70.58368710241855,6.3527039058088235,15.913586938398556
009,0,361.0421,PresentationBoard,4A,1,1.3747000000000185,68.68707784161523,5.161318423034358,3.754505290633803
009,0,362.5228,4A,4B,1,0.18689999999998008,9.546200445161041,1.3181725823172772,7.052822805336638
009,0,362.7641,4B,7A,1,0.08019999999999072,3.377900937116145,2.000840983465765,24.94814193847876
009,0,362.9006,7A,2A,1,0.027699999999981628,0.9403280353808299,4.412995053350923,159.31390084309928
009,0,363.1192,2A,PresentationBoard,1,2.3355999999999995,70.2632625275709,3.658888013026827,1.5665730489068452
009,0,367.8177,PresentationBoard,1A,1,0.43770000000000664,29.983251710431333,3.5573811422945365,8.127441494846888
009,0,368.3099,1A,1B,1,0.16289999999997917,17.82304163239833,1.4217681245143319,8.7278583456999
009,0,368.5806,1B,8B,1,0.7916999999999916,40.07915814918873,5.135588377094136,6.486785874818985
009,0,373.9043,8B,5B,1,0.13230000000004338,6.168843838042648,1.7750652812821786,13.416971135915317
009,0,374.1701,5B,PresentationBoard,1,0.4977000000000089,89.81588997835425,5.4134681172446815,10.876970297859321
009,0,376.2854,PresentationBoard,1B,1,0.8819000000000301,52.7501634966293,4.460986639640794,5.0583814940930285
009,0,377.3013,1B,4A,1,0.2997999999999479,7.210496113107865,2.0346050317725455,6.786541133331885
009,0,377.668,4A,7A,1,0.4660999999999831,15.657072799119923,1.8723430552316653,4.017041525920904
009,0,378.3009,7A,2A,1,0.10019999999997253,1.1261280799071187,4.431402790033479,44.22557674685323
009,0,378.5339,2A,6A,1,0.566599999999994,25.74982376363586,3.04831827088999,5.380018127232655
009,0,379.2336,6A,3A,1,0.033299999999997,0.1621743506985922,1.655400085356785,49.71171427498301
009,0,379.9336,3A,5B,1,0.4995999999999867,8.567514194869418,2.1921547531792482,4.3878197621683475
009,0,380.6998,5B,8A,1,0.0665000000000191,0.29054421731252944,1.7163660142661883,25.81001525211572
009,0,380.8331,8A,2A,1,0.4671000000000163,20.469297261526137,3.251982297674797,6.962068716922894
009,0,381.3993,2A,1B,1,0.0664000000000442,0.7647013204788635,1.5541115212217587,23.405293994288012
009,0,382.0656,1B,4B,1,0.134399999999971,0.9721141009042285,1.3376838165805434,9.953004587655
009,0,382.2655,4B,2A,1,0.13360000000000127,2.654879852004477,2.481863669435777,18.576823873022107
009,0,383.3992,2A,1B,1,0.29930000000001655,14.213640759763841,1.5429559729857818,5.155215412581679
009,0,383.9317,1B,PresentationBoard,1,0.299000000000035,42.94052115200495,3.483482312008432,11.650442515077003
009,0,386.3185,PresentationBoard,1A,1,0.45050000000003365,32.32551838838096,4.213007033850218,9.351846911986467
009,0,386.948,1A,1B,1,0.025400000000047385,1.8263515543887223,0.7824251663502144,30.80414040743129
009,0,387.1053,1B,4A,1,0.02600000000001046,0.8205131379963788,1.7721409249897253,68.15926634573124
009,0,387.3633,4A,4B,1,0.1342999999999961,1.6122521238493022,0.5856702911810026,4.360910582137152
009,0,387.7964,4B,7A,1,0.06700000000000728,0.4728396012521898,1.9694965361295158,29.395470688497042
009,0,388.0301,7A,2A,1,0.10019999999997253,1.8734993627167853,4.458510442550718,44.49611220111717
009,0,388.2297,2A,5B,1,0.5673000000000457,15.214477270525279,2.1833403049431075,3.8486520446728925
009,0,389.363,5B,8A,1,0.03370000000001028,0.013810093325361095,1.7090071734552463,50.71237903426484
009,0,389.5628,8A,5B,1,0.03380000000004202,0.41588653735071546,1.6435848750697457,48.62677145170717
009,0,389.7629,5B,9A,1,0.16669999999999163,4.634861146509152,2.0968212695653787,12.578411935005903
009,0,390.6962,9A,5B,1,0.13250000000005002,1.1448278121609121,1.6756708601599688,12.646572529504423
009,0,390.9292,5B,2B,1,0.23330000000004247,4.49215951752754,1.6849260603991674,7.222143422198288
009,0,391.8965,2B,6A,1,0.598700000000008,8.59361860555218,2.3087555963607973,3.8562812700196534
009,0,392.7619,6A,3A,1,0.0333999999999719,0.7850994908066724,1.6980277878998327,50.839155326385075
009,0,393.4951,3A,8B,1,0.20000000000004547,1.505339939562674,3.8408458648886183,19.204229324438725
009,0,393.7893,8B,2A,1,0.6486999999999625,27.708911741789905,3.361462648798429,5.181844687526782
009,0,394.505,2A,1B,1,0.2995999999999981,12.464109044588547,1.3834837032133376,4.617769369870983
009,0,395.2046,1B,4B,1,0.1661999999999466,0.7092595300414075,1.4323282884067776,8.618100411595895
009,0,396.3705,4B,5B,1,0.36700000000001864,8.090744705703557,2.108469935825716,5.745149688898117
009,0,397.6367,5B,2B,1,0.10069999999996071,0.05479126399163192,1.8152231886452863,18.02604953968217
009,0,398.5704,2B,4B,1,0.6988999999999805,13.482412720179205,3.2128408478947725,4.5969964914792705
009,0,399.6693,4B,4A,1,0.199799999999982,3.880799622310164,0.6951979740593683,3.479469339636792
009,0,400.0355,4A,1B,1,1.0663000000000125,10.065834044608437,2.02555100748247,1.8996070594414762
009,0,401.1683,1B,1A,1,0.1671000000000049,2.6612523888195625,0.7077172116031657,4.235291511688479
009,0,401.4351,1A,4A,1,0.06690000000003238,2.014894428223279,1.003446202403816,14.99919585057295
009,0,401.7347,4A,2B,1,0.5007000000000517,16.641110038326055,3.7474582775081644,7.4844383413376825
009,0,402.668,2B,2A,1,0.03319999999996526,0.046011256983703674,0.3898167829495316,11.741469365962034
009,0,402.801,2A,7B,1,0.033799999999985175,0.32329593143552415,3.9234466452210683,116.07830311310028
009,0,403.0677,7B,2A,1,0.13339999999999463,0.7051506196755213,4.0828964127343195,30.606419885565845
009,0,403.4682,2A,2B,1,0.233099999999979,6.074629490633825,0.43831684271158233,1.8803811356139932
009,0,403.8014,2B,4A,1,0.09919999999999618,1.201169596986638,3.4683374333743497,34.96307896546858
009,0,403.9342,4A,4B,1,0.46680000000003474,4.351242235105829,1.0609510739741768,2.2728172107414264
009,0,404.7202,4B,9A,1,1.1303000000000338,46.89182561962285,4.477162200318385,3.961038839527781
009,0,405.9035,9A,6A,1,0.026399999999966894,0.9289077911444537,1.6960407670319397,64.24396844826009
009,0,406.6126,6A,9A,1,0.032399999999995543,0.8981187417318495,1.7646908727860096,54.46576767858804
009,0,406.8119,9A,2A,1,0.3996999999999957,34.4961503861182,3.6404317067001006,9.1079101993999
009,0,407.3448,2A,4B,1,0.06689999999997553,10.23049152839588,2.510754206364554,37.52995824163635
009,0,407.4449,4B,PresentationBoard,1,0.2518000000000029,44.21064509940345,4.702486346008895,18.675481914252742
009,0,410.4184,PresentationBoard,4A,1,0.6836999999999875,65.78870679431375,5.927013601334732,8.66902676807787
009,0,411.1287,4A,4B,1,0.08240000000000691,2.071665932157778,0.7247377554901429,8.795361110316529
009,0,411.4101,4B,2A,1,0.0333999999999719,1.7998703797187332,2.6098260819869057,78.1385054487755
009,0,411.5435,2A,2B,1,0.2995999999999981,7.5239470855293575,0.8957133507243542,2.9896974323242986
009,0,412.1432,2B,1B,1,0.20000000000004547,10.594081932970454,2.092115746407758,10.460578732036412
009,0,412.3762,1B,PresentationBoard,1,0.9103000000000065,78.30255094138832,4.828005375119652,5.303751922574555
009,0,417.8963,PresentationBoard,1B,1,0.181699999999978,34.06107253016543,2.8243193297268734,15.543859822384235
009,0,418.181,1B,5A,1,0.3946000000000254,24.461207376999333,3.1540691002357826,7.9930793214282305
009,0,418.9391,5A,2B,1,0.0332000000000221,1.2800835261341348,1.8684700948112207,56.27921972319208
009,0,419.0055,2B,6A,1,0.20010000000002037,10.075808446780513,2.244492305522118,11.216853101058918
009,0,419.5722,6A,3A,1,0.03300000000001546,0.25264721800284917,1.7077908001418822,51.75123636791158
009,0,419.938,3A,9A,1,0.033999999999991815,0.4480006882534866,3.421594011748495,100.63511799262702
009,0,420.2385,9A,8B,1,0.9336999999999875,10.624075935725557,1.9364530877809796,2.073956396895154
009,0,421.2379,8B,2B,1,0.33379999999999654,9.210128628533056,3.452168579779498,10.342026901676254
009,0,421.704,2B,4B,1,0.10059999999998581,5.768772740427913,3.117661440532175,30.990670383027982
009,0,421.8705,4B,2A,1,0.19990000000001373,2.8677001571932976,2.5655532701162103,12.83418344230132
009,0,422.1034,2A,4B,1,0.03350000000000364,0.007834701257053212,2.5953423165775993,77.47290497245724
009,0,422.1703,4B,2A,1,0.06689999999997553,1.1003461255561078,2.6809647672519867,40.07421176760788
009,0,422.4701,2A,4B,1,0.06749999999999545,3.9174425916984106,2.5806875786845414,38.232408573106895
009,0,422.5706,4B,PresentationBoard,1,0.36539999999996553,51.61111879057968,4.932230671614332,13.498168231020244
009,0,425.0518,PresentationBoard,1B,1,1.4886999999999944,54.014996936777834,4.1384738837769905,2.7799246885047397
009,0,426.5698,1B,4A,1,0.4884999999999877,19.714054034886686,2.8192893817785003,5.771319102924403
009,0,427.1247,4A,5B,1,0.13450000000000273,6.955026827857303,2.2140749243643243,16.46152360122141
009,0,428.2246,5B,8A,1,0.032100000000014006,3.792391184000728,1.7275897733235508,53.818996053669686
009,0,428.2903,8A,PresentationBoard,1,0.43180000000000973,65.64985180481472,6.449554822636188,14.936440070949612
009,0,433.1521,PresentationBoard,1A,1,0.29769999999996344,43.440550314592386,4.160075118699061,13.974051456834303
009,0,433.6338,1A,1B,1,0.07859999999999445,5.160631101286576,0.8735458702304135,11.113815142881364
009,0,433.7632,1B,2A,1,0.08039999999999736,0.8981061825919099,1.2752332500890218,15.861110075734622
009,0,434.0992,2A,2B,1,0.06619999999998072,3.211162775879714,0.42995386222827453,6.494771332755283
009,0,434.399,2B,2A,1,0.033299999999997,0.005660226737305152,0.3809462403347219,11.439827037079768
009,0,434.9319,2A,6A,1,0.43280000000004293,13.29636744932968,2.7231570667851974,6.291952557266468
009,0,435.865,6A,3A,1,0.1993999999999687,0.8620491318801413,1.6307869001927418,8.17846991069708
009,0,436.2307,3A,5B,1,0.40039999999999054,3.702968978045945,2.041521682907534,5.0987055017671885
009,0,436.9978,5B,8B,1,0.06700000000000728,0.1595188041982567,1.6290742846068191,24.31454156129317
009,0,437.1978,8B,2B,1,0.265700000000038,5.448632737038352,3.4476719576176045,12.97580714195375
009,0,438.0642,2B,2A,1,0.03279999999995198,0.714832593928783,0.4661847749506306,14.212950455832717
009,0,438.3645,2A,2B,1,0.06649999999996226,0.5038163547977774,0.2917524854182393,4.387255419825637
009,0,439.1965,2B,5A,1,0.033299999999997,0.021044611794479806,1.9472348032227078,58.475519616302805
009,0,439.2635,5A,2B,1,0.03309999999999036,0.08076650187376799,1.9407658109708648,58.63340818644804
009,0,439.6976,2B,4B,1,0.49840000000000373,6.938094699440754,3.09905299442202,6.218003600365162
009,0,440.3296,4B,2B,1,0.06629999999995562,1.074651931076822,2.920313123257703,44.046955101955625
009,0,440.8626,2B,5A,1,0.03360000000003538,0.07823676060665719,1.990504635106439,59.24120937810545
009,0,440.9297,5A,2B,1,0.03299999999995862,0.2758571449779197,1.888447054970617,57.2256683325147
009,0,441.0293,2B,2A,1,0.06670000000002574,3.6416206315441357,0.3286472328240288,4.927244869923568
009,0,441.2293,2A,PresentationBoard,1,0.4327999999999861,73.06217598380596,3.537921613848701,8.174495410926097
009,0,443.7339,PresentationBoard,1A,1,0.5679999999999836,58.3257488434171,4.725876727285277,8.320205505784179
009,0,444.3612,1A,1B,1,0.10759999999999081,7.351635996629895,1.0598988946144816,9.850361474113123
009,0,444.5495,1B,4A,1,0.13259999999996808,0.7089018888016199,1.9120091968438753,14.419375541812485
009,0,444.7094,4A,9A,1,1.3856000000000108,43.581088496504705,5.314255396127278,3.835345984502913
009,0,446.2945,9A,6A,1,0.13309999999995625,0.6668408286692653,1.7574966590196102,13.204332524569406
009,0,446.7276,6A,3A,1,0.3331999999999766,3.000683925000061,1.666158815566524,5.000476637354864
009,0,447.2274,3A,5B,1,0.06729999999998881,1.3082657706572007,1.8910656466675506,28.099043784069316
009,0,448.66,5B,8A,1,0.033699999999953434,0.11794167811561351,1.777155503747843,52.734584681017765
009,0,449.0272,8A,2A,1,0.13330000000001974,3.720278996090471,3.2260346978301815,24.20131056136312
009,0,449.66,2A,4B,1,0.06629999999995562,1.3283546740079117,2.463097073384462,37.15078542060499
009,0,449.9603,4B,1B,1,0.5985000000000014,10.99462223074731,1.6146255326797478,2.6977870220212936
009,0,450.936,1B,1A,1,0.02719999999999345,0.5349954814940361,0.787631113619085,28.957026236002744
009,0,451.8457,1A,1B,1,0.06709999999998217,0.6849314206993142,0.7265540713987092,10.827929529044743
009,0,452.4354,1B,4B,1,0.2659999999999627,4.271121532474325,1.4999917044105304,5.639066557935116
009,0,453.2681,4B,4A,1,0.16660000000001673,0.2740994261658187,0.5911168341888854,3.54812025323425
009,0,453.468,4A,5A,1,0.13309999999995625,3.2823877365520815,1.704781807439052,12.808278042371242
009,0,453.7679,5A,2B,1,0.16660000000001673,3.054419815058438,1.8866626105946107,11.324505465752829
009,0,454.3676,2B,9B,1,1.332400000000007,20.48268523920295,4.504451622341601,3.3807052104034656
009,0,455.8003,9B,6A,1,0.36630000000002383,2.0461158897291796,1.9290572170622202,5.2663314689109875
009,0,456.3334,6A,8B,1,0.10009999999999764,2.9575302781032633,2.010186000308439,20.081778224860006
009,0,456.8334,8B,6A,1,0.09940000000000282,1.537626402277354,1.8613299870691733,18.725653793451915
009,0,457.166,6A,8B,1,0.8331999999999766,2.7879132701227576,1.9384903773937079,2.326560702584928
009,0,458.0328,8B,3B,1,0.3324999999999818,7.943208020507612,3.7408849079307918,11.250781677987959
009,0,458.3986,3B,9B,1,0.10050000000001091,0.1359961109371568,3.258460141938104,32.42248897450497
009,0,458.7651,9B,6A,1,0.0666999999999689,0.877720475685976,1.8777489169372485,28.152157675234246
009,0,459.1317,6A,2A,1,0.5002999999999815,28.427229437178653,2.7583877096107154,5.5134673388183435
009,0,462.2436,2A,4B,1,0.066599999999994,1.6592553287325913,2.6382126126820973,39.612801992227254
009,0,462.3436,4B,1B,1,0.5656999999999925,7.990173945438656,1.558744741268977,2.7554264473554846
009,0,463.1425,1B,PresentationBoard,1,0.23210000000000264,35.38456213888992,3.0934009333020507,13.327879936673915
009,0,468.4459,PresentationBoard,1A,1,0.46359999999998536,34.94226791885714,3.964319240076954,8.551163158061
009,0,469.0616,1A,1B,1,0.12369999999998527,8.629160640617606,0.8877914948033916,7.176972472138216
009,0,469.7948,1B,2B,1,0.099899999999991,5.366288988779701,1.7621890375156717,17.63952990506337
009,0,469.995,2B,5B,1,0.09969999999998436,2.5432730826491934,1.7990102717358925,18.044235423632646
009,0,470.3276,5B,2B,1,0.033799999999985175,0.14870473575572873,1.7288911809026766,51.150626653947775
009,0,470.4617,2B,8A,1,0.03350000000000364,0.7806011002638797,3.423368843754266,102.19011473892222
009,0,470.5949,8A,5B,1,0.03390000000001692,1.1367074337778718,1.8134567171617406,53.494298441322584
009,0,471.0279,5B,8B,1,0.034300000000030195,0.12072589855847582,1.6674529140063215,48.61378758031643
009,0,472.7613,8B,9A,1,0.09969999999998436,2.423217872994414,0.8038238168751409,8.062425445087934
009,0,473.0939,9A,6A,1,0.2004000000000019,0.4500463185953123,1.683879302592739,8.402591330303009
009,0,473.6604,6A,8B,1,0.23349999999999227,2.83537250238426,2.2064335736417178,9.449394319665057
009,0,473.9936,8B,8A,1,0.7995999999999981,8.74181623514339,0.6978427766210216,0.8727398406966274
009,0,475.1612,8A,7B,1,0.7312000000000012,15.65191776797542,1.3910691089442608,1.9024468120134828
009,0,476.1594,7B,4B,1,0.06619999999998072,1.2711817978655517,1.5177023073266909,22.926016726995964
009,0,477.0594,4B,2B,1,0.06620000000003756,1.284570651551725,2.9818021416972456,45.04232842440413
009,0,477.2589,2B,3A,1,0.13350000000002638,15.679632998958795,1.0081203185654966,7.551463060414212
009,0,478.4569,3A,6A,1,0.034199999999998454,0.3411288253403768,1.798273961283433,52.581109979050126
009,0,478.8903,6A,5B,1,0.3331999999999766,8.219543387710814,1.0390696775631747,3.118456415255845
009,0,479.4902,5B,2A,1,0.733099999999979,19.687924268839986,1.4854669871056203,2.0262815265388934
009,0,480.4893,2A,4B,1,0.06639999999998736,1.7597489799130557,2.593384716299117,39.05699873945197
009,0,480.8889,4B,4A,1,0.0664000000000442,0.25642675442180973,0.5424714768131962,8.169751156819805
009,0,481.1556,4A,1B,1,0.033299999999997,0.9456786016963292,1.7585590784758982,52.80958193621792
009,0,482.0555,1B,2A,1,0.6995000000000005,7.02700943131574,2.0885393718746053,2.985760360078061
009,0,482.9219,2A,1B,1,0.06630000000001246,1.5050214272252447,1.3916826168897634,20.990688037549045
009,0,483.8542,1B,1A,1,0.43310000000002447,1.3119729523790227,0.876666659934664,2.0241668435340903
009,0,484.6208,1A,4A,1,0.0664000000000442,0.10316623798292568,1.0560563114101633,15.904462521226812
009,0,484.754,4A,2B,1,0.9326999999999543,15.14642943145197,3.5140308338039183,3.767589614885912
009,0,485.7536,2B,8A,1,0.03309999999999036,1.4981731323492227,3.444908823497372,104.07579527185423
009,0,485.8536,8A,5B,1,0.0332000000000221,0.675222123137317,1.6906098995508814,50.92198492619747
009,0,485.9202,5B,8A,1,0.033999999999991815,0.3269671543849739,1.7744158498323808,52.188701465670825
009,0,486.2868,8A,3B,1,1.63209999999998,33.81032461668508,4.725916071418084,2.895604479761131
009,0,488.1191,3B,8B,1,0.7993000000000166,21.141097759898855,3.9770708454425794,4.975692287554732
009,0,489.0854,8B,2B,1,0.06720000000001392,3.400775349749509,3.5030817711233917,52.129193022658725
009,0,489.4523,2B,2A,1,0.09960000000000946,4.543681205280514,0.5097289112106578,5.117760152716961
009,0,491.5176,2A,5A,1,0.066599999999994,0.4550071740593111,1.6243774797549853,24.39005224857555
009,0,491.9173,5A,5B,1,0.03370000000001028,0.7446844008023419,0.2177330557209217,6.4609215347434805
009,0,492.4838,5B,2B,1,0.2335000000000491,2.7277223391922405,1.7495160339921152,7.492574021377933
009,0,492.7502,2B,8A,1,0.033599999999978536,0.5335802019969833,3.3873789244985564,100.81484894347382
009,0,492.8174,8A,9A,1,0.099899999999991,5.771958445865494,0.8075314841576023,8.083398239816567
009,0,493.117,9A,6A,1,0.17309999999997672,1.0689248020703133,1.7226472204003351,9.951745929523783
009,0,493.34,6A,5A,1,0.398900000000026,5.923937707101956,2.0478649523705363,5.133780276686896
009,0,493.7722,5A,7B,1,0.36669999999998026,11.776777909053735,2.594507469204183,7.075286253625096
009,0,494.1723,7B,2A,1,0.033299999999997,0.5223965698045276,4.027101511378571,120.93397932068869
009,0,494.7049,2A,4A,1,0.3664999999999736,16.399775146979046,3.2089223697670928,8.75558627494495
009,0,495.4044,4A,4B,1,0.4128000000000043,17.031657294401512,0.5457903622440032,1.3221665752034826
009,0,495.8981,4B,1B,1,0.05169999999998254,0.24325600879366505,1.24720071829014,24.12380499594896
009,0,496.2644,1B,1A,1,0.8731999999999971,18.720730287173936,0.9020247221128753,1.0330104467623435
009,0,497.2845,1A,PresentationBoard,1,0.708500000000015,64.37087171860173,3.5705463352358504,5.0395855119771
009,0,500.1718,PresentationBoard,4B,1,0.5461999999999989,67.28444289944385,5.9599657453860395,10.911691221871203
009,0,501.0592,4B,2B,1,0.06730000000004566,5.323779391181247,2.926998627334022,43.49180724118924
009,0,501.4261,2B,5B,1,0.033299999999997,0.04585578654376832,1.7261148048751012,51.83527942568339
009,0,501.9592,5B,8B,1,0.03319999999996526,0.22857718425213136,1.6592019932784976,49.97596365301909
009,0,502.1256,8B,5B,1,0.03429999999997335,0.6086021937057211,1.7469660187668592,50.931953899948
009,0,502.4257,5B,8B,1,0.03370000000001028,0.7786111502461921,1.7001150051383274,50.44851647293201
009,0,503.158,8B,5B,1,0.033799999999985175,0.07726287708963753,1.7765915471971658,52.561880094613755
009,0,503.2579,5B,8B,1,0.033999999999991815,0.008949969371514044,1.6868178685616553,49.612290251825335
009,0,503.5923,8B,5B,1,0.0333999999999719,0.10073270784647548,1.6804454699142164,50.31273862022845
009,0,503.8923,5B,8B,1,0.03350000000000364,0.31428776781740453,1.642129403247014,49.01878815662196
009,0,505.2566,8B,PresentationBoard,1,0.36520000000001573,78.21805068159621,6.224989027556551,17.045424500427938
009,0,510.7936,PresentationBoard,1A,1,0.31879999999995334,37.530211551468675,4.339972241846673,13.613463744815897
009,0,511.222,1A,4A,1,0.05369999999999209,3.5755202859499207,1.212621174434625,22.581399896365056
009,0,511.411,4A,2A,1,0.08319999999997663,7.868241919410522,2.98337182675245,35.85783445616933
009,0,511.7106,2A,4B,1,0.03350000000000364,0.2383460888729303,2.563013861107328,76.5078764509567
009,0,511.9767,4B,2A,1,0.03400000000004866,0.29919713542435034,2.4079971575906485,70.82344581138831
009,0,512.5103,2A,9A,1,0.26709999999991396,22.2725720123711,3.674051729385173,13.755341555171682
009,0,513.0094,9A,6A,1,0.033599999999978536,0.7929610740384447,1.6897992699126756,50.291644937909375
009,0,513.4754,6A,9A,1,0.033699999999953434,0.2567243254738827,1.7768208217760764,52.724653465238326
009,0,513.876,9A,6A,1,0.03309999999999036,0.16787441979133177,1.6313770186346286,49.28631476238984
009,0,514.5086,6A,9A,1,0.5329000000000406,11.889803725612936,1.9127645445567425,3.5893498678112157
009,0,515.4414,9A,3A,1,0.066599999999994,0.5010593045003304,3.440221987735711,51.65498480084116
009,0,515.8419,3A,5B,1,0.26519999999993615,5.485447203340598,2.085635476098074,7.864387164775929
009,0,516.6415,5B,2B,1,0.033100000000104046,1.042074645613738,1.7221355093558024,52.02826312236825
009,0,517.2063,2B,2A,1,0.1671999999999798,7.566354843183369,0.4903603759671452,2.9327773682249068
009,0,517.8395,2A,4B,1,0.633199999999988,2.3473836598859137,2.4961568897954796,3.9421302744717734
009,0,518.9723,4B,4A,1,0.06629999999995562,0.7245352854227463,0.4784364068643293,7.216235397656857
009,0,519.9387,4A,2B,1,0.33330000000000837,16.66374711637404,3.39168908439751,10.176084861678442
009,0,520.5715,2B,5B,1,0.03319999999996526,0.6964060479555911,1.7842759925066467,53.74325278640102
009,0,521.6047,5B,9A,1,0.0664000000000442,1.4287836240297622,1.871142458326239,28.1798563000752
009,0,521.8376,9A,6A,1,0.03370000000006712,0.8818613193740958,1.6220176733193632,48.13108822896536
009,0,521.9048,6A,3A,1,0.03260000000000218,0.4906953752094836,1.8394015595657733,56.42336072287271
009,0,522.138,3A,9B,1,0.033299999999940155,0.057639584227601404,3.6407792877664593,109.3327113445346
009,0,522.2708,9B,2A,1,0.46630000000004657,32.71036065423206,4.378271246759599,9.38938719013331
009,0,522.8708,2A,1B,1,0.13289999999994961,9.622363670890948,1.5040999702478555,11.317531755067161
009,0,523.1703,1B,PresentationBoard,1,1.3322000000000571,57.6680621925927,4.218735825796327,3.1667436014083066
009,0,527.8303,PresentationBoard,2B,1,2.1515000000000555,108.42683060616842,4.681331468661086,2.1758454420920126
009,0,530.1791,2B,6A,1,0.2664000000000897,21.24924133712001,2.454843968714643,9.214879762439251
009,0,530.4789,6A,9A,1,0.1997000000000071,2.4134185132749764,1.7284906289229376,8.655436299062975
009,0,530.7119,9A,6A,1,0.0666999999999689,7.054982426388449,1.7255720563868815,25.870645523053767
009,0,530.812,6A,PresentationBoard,1,0.43269999999995434,104.42185862381527,5.858864237588126,13.540245522506918
009,0,537.5948,PresentationBoard,1A,1,0.2660000000000764,38.39920383769275,3.8338115739665937,14.412825466035686
009,0,538.0224,1A,1B,1,0.057900000000017826,2.8016415937979744,0.8181972681355579,14.13121361200874
009,0,538.1356,1B,2A,1,0.05870000000004438,1.6909797797218005,1.3284295660792897,22.630827360788505
009,0,538.3859,2A,5A,1,0.26700000000005275,5.518148446542128,1.9237411317650517,7.205022965410755
009,0,538.7862,5A,2B,1,0.566599999999994,14.080347832604772,2.0230427694163664,3.570495533738771
009,0,540.0862,2B,9A,1,0.09980000000007294,1.538710416577743,3.3333633322939056,33.400434191297286
009,0,540.4857,9A,8B,1,0.565900000000056,3.882213666564539,0.5201179151688686,0.9190986307984046
009,0,541.1851,8B,5B,1,0.03279999999995198,0.13971424477917083,1.693623339963606,51.634857925795295
009,0,541.2514,5B,8B,1,0.03350000000000364,0.21204394662164816,1.703467935241661,50.84978911168585
009,0,541.7514,8B,3A,1,0.39999999999997726,7.84122961996006,3.792053020466864,9.4801325511677
009,0,542.3171,3A,5B,1,1.3000000000000682,21.882762008950337,2.5135842473803462,1.9335263441386263
009,0,543.7836,5B,2B,1,0.03319999999996526,0.33120919909814006,1.6345627122729822,49.2338166347799
009,0,545.0839,2B,2A,1,0.03290000000004056,0.1427060508684974,0.4758342845101114,14.46304816138373
009,0,545.2494,2A,7B,1,0.13369999999997617,2.903437038419412,3.9777072387352064,29.750989070575283
009,0,545.4825,7B,2A,1,0.03330000000005384,0.027819802933443327,3.854940247118844,115.7639713847631
009,0,545.5826,2A,2B,1,0.06680000000005748,1.9362922461178798,0.417583317511416,6.251247268129591
009,0,545.9492,2B,8A,1,0.03440000000000509,1.1465717507259257,3.515592462465422,102.19745530421224
009,0,546.1828,8A,5B,1,0.033299999999940155,0.45969350755486005,1.6883922179924307,50.70246900887282
009,0,548.1817,5B,8A,1,0.03380000000004202,0.1461852940609134,1.7099558049011587,50.590408428965475
009,0,548.2484,8A,5B,1,0.03300000000001546,0.3834066020837952,1.7475914488124187,52.95731663065454
009,0,548.5827,5B,8A,1,0.03309999999999036,0.10351529444574226,1.6544194070906753,49.982459428735865
009,0,548.7504,8A,5B,1,0.03319999999996526,0.0334270942812509,1.6601855904774532,50.005590074674416
009,0,548.8489,5B,8A,1,0.03309999999999036,0.02599093799075547,1.677095335763042,50.66753280252358
009,0,550.5467,8A,7B,1,0.06700000000000728,1.6348480299623844,0.9100634226325378,13.583036158693119
009,0,551.1138,7B,2A,1,0.032800000000065666,0.6909777128259194,3.9738446446468214,121.15380014142883
009,0,551.3149,2A,4B,1,0.03200000000003911,0.5908206432329308,2.5424673512714384,79.45210472713535
009,0,551.8464,4B,4A,1,0.08150000000000546,0.3308052174080771,0.581231597817049,7.13167604683448
009,0,552.1191,4A,1B,1,0.08690000000001419,0.5082655966207739,1.6377870523474656,18.84680152298272
009,0,552.8016,1B,4A,1,0.06759999999997035,0.9130832345082069,1.7042182208182994,25.21032871034093
009,0,552.9349,4A,1A,1,0.6327999999999747,10.23246877592478,1.1842266930317866,1.871407542717816
009,0,553.6676,1A,PresentationBoard,1,0.2659999999999627,37.63758886132733,3.0669079814481317,11.529729253566021
009,0,556.4678,PresentationBoard,1B,1,0.8419000000000096,37.8319557141582,2.8460548925242746,3.380514185205181
009,0,557.4958,1B,4B,1,0.32519999999999527,10.92249684597099,1.7995643392463108,5.53371568033929
009,0,558.1214,4B,4A,1,0.03309999999999036,0.11795177161863535,0.4549022949063237,13.743271749439765
009,0,558.3546,4A,1B,1,0.033299999999940155,0.5527015287319728,1.7436997901245617,52.36335706089175
009,0,558.555,1B,2B,1,0.09970000000009804,6.669056365248437,1.8513768191807871,18.56947662165463
009,0,558.8552,2B,6A,1,0.09960000000000946,8.838099550181468,1.869620085319794,18.771285997184904
009,0,560.0883,6A,8B,1,0.06589999999994234,0.5675356339336162,2.0405653476217536,30.964572801571155
009,0,560.4214,8B,5B,1,0.03300000000001546,1.5598784033716413,1.7165146124183852,52.015594315684275
009,0,560.8208,5B,2B,1,0.066599999999994,0.8399044694415068,1.6776318685177576,25.189667695464095
009,0,561.0876,2B,2A,1,0.06610000000000582,2.0555266051784926,0.4650161137559,7.0350395424487
009,0,561.5201,2A,7A,1,0.03330000000005384,0.3086829741187316,4.460161948074914,133.93879723927034
009,0,561.7205,7A,4B,1,0.1332999999999629,0.379519584238281,1.9413608347524187,14.563847222452807
009,0,562.353,4B,4A,1,0.10040000000003602,2.0204591440558417,0.5675512249212488,5.652900646623956
009,0,562.6867,4A,2A,1,0.29939999999999145,1.349998733388233,3.1674194344655366,10.579223228008107
009,0,563.1198,2A,2B,1,0.10049999999989723,1.5574279428344795,0.541556826467824,5.388625138988834
009,0,563.4195,2B,5B,1,0.032800000000065666,0.4009359949585729,1.717769788407137,52.37103013425909
009,0,564.0193,5B,8B,1,0.7335999999999103,10.368440918314022,1.93753928912847,2.6411386165876594
009,0,564.9196,8B,8A,1,0.09930000000008476,4.388255305393685,0.39831279561455213,4.011206400948763
009,0,565.185,8A,2B,1,0.03390000000001692,1.0101497617229853,3.5472979934311195,104.64005880322564
009,0,565.8517,2B,2A,1,0.03379999999992833,1.0225177603749245,0.451285746890205,13.351649316306565
009,0,565.9521,2A,7B,1,0.032500000000027285,1.1915840495612287,3.9534417651584675,121.6443620047738
009,0,566.0519,7B,2A,1,0.03289999999992688,2.3085090553916743,4.008594656960862,121.8417828866192
009,0,566.2178,2A,PresentationBoard,1,0.5991999999999962,71.00297210199213,3.565300658709961,5.950101232827076
009,0,569.3875,PresentationBoard,4A,1,1.314799999999991,78.26638129694908,6.418912861326447,4.882045072502655
009,0,570.7617,4A,8A,1,0.2999999999999545,13.5461402686295,2.9332636235608365,9.777545411870937
009,0,571.1617,8A,5B,1,0.033699999999953434,1.2203094420078031,1.6922887032628358,50.21628199599923
009,0,571.4615,5B,8B,1,0.03319999999996526,0.6729327526876858,1.7047100931671308,51.34668955328056
009,0,571.5281,8B,6A,1,0.0666999999999689,2.069505504060956,2.022071374206637,30.315912656785308
009,0,572.3277,6A,9B,1,0.03379999999992833,0.644514288112731,1.8136211931704036,53.65743175071743
009,0,572.3943,9B,3A,1,0.03319999999996526,0.3597327910016759,3.5829107766973496,107.91899929822587
009,0,572.4946,3A,9B,1,0.09950000000003456,1.5572192814393588,3.595223875954909,36.132903275916185
009,0,572.6272,9B,3A,1,0.03340000000002874,0.5601370087849347,3.6681883977473473,109.8259999324608
009,0,572.8947,3A,9A,1,0.0662000000000944,0.38663257214322755,3.4887368264235756,52.699952060703936
009,0,573.1276,9A,6A,1,0.03350000000000364,0.36552982147208013,1.750256785096749,52.2464711969122
009,0,573.3273,6A,8B,1,0.3007000000000062,6.8417411009136515,2.485083942603294,8.264329706030074
009,0,573.894,8B,5B,1,0.10000000000002274,3.392606037357865,1.545179439323084,15.451794393227326
009,0,574.2275,5B,2B,1,0.06610000000000582,1.399047899144776,1.7222896405403534,26.055819070199725
009,0,574.4604,2B,7B,1,0.1008999999999105,0.15429886726050768,4.4381545132951,43.985674066392825
009,0,574.9604,7B,2B,1,0.1333999999999378,1.0180058584626792,4.3769875640341365,32.811001229656505
009,0,575.26,2B,5A,1,0.03319999999996526,1.0502137930485418,1.8461484549357157,55.606881172820714
009,0,575.3931,5A,4B,1,0.10019999999997253,6.062638891556674,1.244925360742004,12.424404797827798
009,0,575.6263,4B,PresentationBoard,1,0.2989000000000033,47.89054539822763,4.551384093970541,15.227113061125765
009,0,580.9434,PresentationBoard,1A,1,0.2156999999999698,30.543515430374498,3.1551336087399977,14.627415895875936
009,0,581.1861,1A,1B,1,0.07960000000002765,7.7037644336397335,1.5029969602890088,18.881871360408123
009,0,581.4291,1B,2B,1,0.3932000000000926,15.205710583207924,2.432839568863268,6.187282728541951
009,0,581.8893,2B,7B,1,0.09949999999992087,0.6821365095151606,4.254700759337013,42.76081165166228
009,0,582.1572,7B,9A,1,0.6316000000000486,17.265356028878543,3.9873551563589227,6.313101894171337
009,0,582.8555,9A,5B,1,0.6997000000000071,9.911581480591508,2.056723214767383,2.9394357792873547
009,0,584.0548,5B,2B,1,0.09939999999994598,4.770697250569739,1.747713222038037,17.582627988319786
009,0,584.2211,2B,7B,1,0.06730000000004566,1.153401245845238,4.34605268805945,64.57730591465827
009,0,584.3542,7B,2B,1,0.23419999999998709,3.498001182119225,4.400265660108751,18.78849555981637
009,0,586.2545,2B,5B,1,0.2664999999999509,14.32521655123864,2.0411470995893954,7.6590885538077735
009,0,587.9542,5B,8A,1,0.5330000000000155,1.97401296550251,1.7267203741313255,3.2396254674132745
009,0,588.9549,8A,5B,1,0.032500000000027285,0.5395781709656688,1.6986937155826674,52.26749894096127
009,0,589.0206,5B,6A,1,0.09990000000004784,3.956584291149426,0.9421135250530387,9.430565816342218
009,0,589.7524,6A,3A,1,0.0665000000000191,1.0364180180711315,1.719152975677266,25.851924446267255
009,0,590.0851,3A,6A,1,0.034300000000030195,0.47587880441253105,1.7400478052747974,50.730256713506286
009,0,590.2189,6A,8B,1,0.26679999999998927,12.88645033059342,2.2867923328167024,8.571185655235361
009,0,590.5195,8B,5B,1,0.0664000000000442,1.947171416231626,1.673267474056688,25.199811356258646
009,0,590.7526,5B,7B,1,0.06689999999991869,2.316876295092044,2.7718484109040107,41.43271167275605
009,0,591.3514,7B,1B,1,0.3663999999999987,14.984696052573646,3.0946612663954607,8.44612791046799
009,0,591.9516,1B,4A,1,0.332300000000032,3.5389499731795695,1.83012746296694,5.507455500953246
009,0,593.0174,4A,4B,1,0.39980000000002747,9.550914443540371,0.5785983007096028,1.447219361454635
009,0,593.6169,4B,1B,1,0.10019999999997253,0.458869397907101,1.193960015005528,11.915768612832888
009,0,593.7504,1B,4B,1,0.3006000000000313,2.195771185866178,1.0693838529822914,3.557497847578776
009,0,594.0847,4B,4A,1,0.5650000000000546,8.797189906072518,0.664688077307883,1.1764390748810953
009,0,595.2169,4A,4B,1,0.5118999999999687,4.331223748659923,0.6124523929941738,1.19642975775388
009,0,596.0616,4B,2B,1,0.5003000000000384,9.628606301647729,3.158790680179416,6.313793084507643
009,0,597.238,2B,5B,1,0.1334999999999127,2.540890989998161,1.6748931746063929,12.546016289194668
009,0,598.8041,5B,8A,1,0.03330000000005384,0.07550059337698656,1.7824866691919612,53.52812820387625
009,0,598.8708,8A,5B,1,0.033599999999978536,0.01423257679424239,1.6939255672255267,50.414451405553834
009,0,598.9707,5B,8A,1,0.03380000000004202,0.031133351097039963,1.7036843468062195,50.40486233148229
009,0,599.1046,8A,5B,1,0.03279999999995198,0.32781936018395186,1.8109104606404367,55.2106847757039
009,0,599.3709,5B,7B,1,0.0664000000000442,0.13890817407907718,2.7906817085690374,42.028338984445476
